datetime,open,high,low,close,volume
2023-09-12 00:00:00+02:00,25158.91,25160.41,25158.91,25160.41,0.01323
2023-09-12 00:00:01+02:00,25160.27,25160.45,25160.27,25160.45,0.06846
2023-09-12 00:00:02+02:00,25158.91,25160.45,25157.95,25160.45,0.08164
2023-09-12 00:00:03+02:00,25158.21,25159.51,25154.91,25159.51,6.18308
2023-09-12 00:00:04+02:00,25157.95,25160.24,25157.95,25160.24,0.06988
2023-09-12 00:00:05+02:00,25156.49,25156.94,25156.33,25156.82,0.01854
2023-09-12 00:00:06+02:00,25158.02,25158.09,25158.02,25158.04,0.01051
2023-09-12 00:00:07+02:00,25157.91,25157.91,25157.91,25157.91,0.00369
2023-09-12 00:00:08+02:00,25159.95,25160.91,25159.95,25160.91,0.22731
2023-09-12 00:00:09+02:00,25160.91,25160.91,25160.91,25160.91,0.0
2023-09-12 00:00:10+02:00,25160.86,25160.9,25160.86,25160.9,0.03
2023-09-12 00:00:11+02:00,25158.01,25158.01,25158.01,25158.01,0.00317
2023-09-12 00:00:12+02:00,25158.01,25158.01,25158.01,25158.01,0.0
2023-09-12 00:00:13+02:00,25158.09,25158.09,25158.09,25158.09,0.00297
2023-09-12 00:00:14+02:00,25158.14,25158.14,25158.13,25158.13,0.05008
2023-09-12 00:00:15+02:00,25158.09,25158.09,25158.09,25158.09,0.001
2023-09-12 00:00:16+02:00,25157.95,25157.95,25154.99,25155.95,0.059
2023-09-12 00:00:17+02:00,25154.52,25156.92,25154.52,25156.92,0.00262
2023-09-12 00:00:18+02:00,25156.92,25156.92,25156.92,25156.92,0.0
2023-09-12 00:00:19+02:00,25155.97,25155.97,25155.81,25155.81,0.00328
2023-09-12 00:00:20+02:00,25155.81,25155.81,25155.81,25155.81,0.0
2023-09-12 00:00:21+02:00,25153.95,25153.95,25153.95,25153.95,0.00028
2023-09-12 00:00:22+02:00,25153.95,25153.95,25151.98,25151.98,0.18383
2023-09-12 00:00:23+02:00,25151.98,25151.98,25151.98,25151.98,0.0
2023-09-12 00:00:24+02:00,25151.98,25151.98,25151.98,25151.98,0.001
2023-09-12 00:00:25+02:00,25155.6,25156.92,25155.6,25155.94,0.53872
2023-09-12 00:00:26+02:00,25155.94,25155.94,25155.94,25155.94,0.0
2023-09-12 00:00:27+02:00,25155.64,25155.64,25155.64,25155.64,0.00028
2023-09-12 00:00:28+02:00,25155.64,25155.64,25153.71,25153.71,0.004
2023-09-12 00:00:29+02:00,25155.95,25155.95,25155.95,25155.95,0.00143
2023-09-12 00:00:30+02:00,25155.95,25155.95,25155.95,25155.95,0.0
2023-09-12 00:00:31+02:00,25155.95,25155.95,25155.95,25155.95,0.0
2023-09-12 00:00:32+02:00,25155.95,25155.95,25155.95,25155.95,0.0
2023-09-12 00:00:33+02:00,25155.95,25155.95,25155.95,25155.95,0.0
2023-09-12 00:00:34+02:00,25155.95,25155.95,25155.95,25155.95,0.0
2023-09-12 00:00:35+02:00,25155.95,25155.95,25155.95,25155.95,0.0
2023-09-12 00:00:36+02:00,25155.65,25155.65,25155.65,25155.65,0.00962
2023-09-12 00:00:37+02:00,25155.65,25155.65,25155.65,25155.65,0.0
2023-09-12 00:00:38+02:00,25155.65,25155.65,25154.16,25154.16,0.00958
2023-09-12 00:00:39+02:00,25154.17,25154.17,25154.17,25154.17,0.00279
2023-09-12 00:00:40+02:00,25154.17,25154.17,25154.17,25154.17,0.0
2023-09-12 00:00:41+02:00,25154.17,25154.17,25154.17,25154.17,0.0
2023-09-12 00:00:42+02:00,25154.17,25154.17,25154.17,25154.17,0.0
2023-09-12 00:00:43+02:00,25154.45,25154.45,25154.45,25154.45,0.00262
2023-09-12 00:00:44+02:00,25154.45,25154.45,25154.45,25154.45,0.0
2023-09-12 00:00:45+02:00,25154.45,25154.45,25154.45,25154.45,0.0
2023-09-12 00:00:46+02:00,25154.45,25154.45,25154.45,25154.45,0.0
2023-09-12 00:00:47+02:00,25154.45,25154.45,25154.45,25154.45,0.0
2023-09-12 00:00:48+02:00,25154.45,25154.45,25154.45,25154.45,0.0
2023-09-12 00:00:49+02:00,25154.45,25154.45,25154.45,25154.45,0.0
2023-09-12 00:00:50+02:00,25154.45,25154.45,25154.45,25154.45,0.0
2023-09-12 00:00:51+02:00,25154.45,25154.45,25154.45,25154.45,0.0
2023-09-12 00:00:52+02:00,25157.21,25157.24,25157.21,25157.24,0.19038
2023-09-12 00:00:53+02:00,25157.24,25157.24,25157.24,25157.24,0.0
2023-09-12 00:00:54+02:00,25157.24,25157.24,25157.24,25157.24,0.0
2023-09-12 00:00:55+02:00,25156.72,25156.74,25156.72,25156.74,0.01024
2023-09-12 00:00:56+02:00,25156.74,25156.74,25156.74,25156.74,0.0
2023-09-12 00:00:57+02:00,25156.73,25156.74,25156.73,25156.74,0.00178
2023-09-12 00:00:58+02:00,25156.74,25156.74,25156.74,25156.74,0.0
2023-09-12 00:00:59+02:00,25156.74,25156.74,25156.74,25156.74,0.0
2023-09-12 00:01:00+02:00,25154.75,25154.75,25154.75,25154.75,0.008
2023-09-12 00:01:01+02:00,25154.75,25154.75,25154.75,25154.75,0.0
2023-09-12 00:01:02+02:00,25154.75,25154.75,25154.75,25154.75,0.00083
2023-09-12 00:01:03+02:00,25154.75,25154.75,25154.75,25154.75,0.0
2023-09-12 00:01:04+02:00,25156.63,25156.72,25156.63,25156.72,0.0025
2023-09-12 00:01:05+02:00,25156.72,25156.72,25156.72,25156.72,0.0
2023-09-12 00:01:06+02:00,25156.72,25156.72,25156.72,25156.72,0.0
2023-09-12 00:01:07+02:00,25156.72,25156.74,25156.72,25156.74,0.11256
2023-09-12 00:01:08+02:00,25154.83,25154.83,25154.83,25154.83,0.008
2023-09-12 00:01:09+02:00,25154.83,25154.83,25154.83,25154.83,0.0
2023-09-12 00:01:10+02:00,25154.83,25154.83,25154.83,25154.83,0.00276
2023-09-12 00:01:11+02:00,25154.83,25154.83,25154.83,25154.83,0.0
2023-09-12 00:01:12+02:00,25156.74,25156.87,25154.84,25156.85,0.06497
2023-09-12 00:01:13+02:00,25156.85,25156.85,25156.85,25156.85,0.00056
2023-09-12 00:01:14+02:00,25156.85,25156.85,25156.85,25156.85,0.0
2023-09-12 00:01:15+02:00,25156.85,25156.85,25156.85,25156.85,0.0
2023-09-12 00:01:16+02:00,25156.85,25156.85,25156.85,25156.85,0.0
2023-09-12 00:01:17+02:00,25156.85,25156.85,25156.85,25156.85,0.0
2023-09-12 00:01:18+02:00,25154.84,25154.84,25154.82,25154.82,0.06103
2023-09-12 00:01:19+02:00,25154.14,25154.14,25153.95,25153.95,0.24036
2023-09-12 00:01:20+02:00,25155.95,25156.44,25155.95,25156.44,0.01445
2023-09-12 00:01:21+02:00,25156.44,25156.44,25156.44,25156.44,0.0
2023-09-12 00:01:22+02:00,25156.44,25156.44,25156.44,25156.44,0.0
2023-09-12 00:01:23+02:00,25156.44,25156.44,25156.44,25156.44,0.0
2023-09-12 00:01:24+02:00,25156.44,25156.44,25156.44,25156.44,0.01
2023-09-12 00:01:25+02:00,25156.44,25156.44,25156.44,25156.44,0.0
2023-09-12 00:01:26+02:00,25154.14,25154.14,25154.14,25154.14,0.12036
2023-09-12 00:01:27+02:00,25154.14,25154.14,25154.14,25154.14,0.0
2023-09-12 00:01:28+02:00,25154.14,25154.14,25154.14,25154.14,0.0
2023-09-12 00:01:29+02:00,25154.14,25154.14,25154.14,25154.14,0.00124
2023-09-12 00:01:30+02:00,25156.44,25156.44,25156.44,25156.44,0.0128
2023-09-12 00:01:31+02:00,25156.44,25156.44,25156.44,25156.44,0.0
2023-09-12 00:01:32+02:00,25156.44,25156.44,25156.44,25156.44,0.0
2023-09-12 00:01:33+02:00,25156.44,25156.44,25156.44,25156.44,0.0
2023-09-12 00:01:34+02:00,25156.44,25156.44,25156.44,25156.44,0.0
2023-09-12 00:01:35+02:00,25156.44,25156.44,25156.44,25156.44,0.0
2023-09-12 00:01:36+02:00,25156.44,25156.44,25156.44,25156.44,0.0
2023-09-12 00:01:37+02:00,25154.14,25154.14,25154.14,25154.14,0.01509
2023-09-12 00:01:38+02:00,25154.14,25154.14,25151.09,25153.71,0.32431
2023-09-12 00:01:39+02:00,25153.71,25153.71,25153.71,25153.71,0.003
2023-09-12 00:01:40+02:00,25151.95,25153.93,25150.97,25153.93,0.2497
2023-09-12 00:01:41+02:00,25151.27,25153.95,25151.27,25153.95,0.1281
2023-09-12 00:01:42+02:00,25151.95,25151.95,25151.27,25151.27,0.00256
2023-09-12 00:01:43+02:00,25153.94,25153.95,25153.92,25153.95,0.20426
2023-09-12 00:01:44+02:00,25153.94,25154.14,25153.94,25154.14,0.16529
2023-09-12 00:01:45+02:00,25151.95,25151.95,25146.86,25148.21,1.61607
2023-09-12 00:01:46+02:00,25148.79,25148.79,25148.79,25148.79,0.00067
2023-09-12 00:01:47+02:00,25148.79,25148.79,25148.79,25148.79,0.0
2023-09-12 00:01:48+02:00,25148.79,25148.79,25148.79,25148.79,0.01
2023-09-12 00:01:49+02:00,25148.79,25148.79,25148.79,25148.79,0.0
2023-09-12 00:01:50+02:00,25148.76,25148.76,25148.76,25148.76,0.01144
2023-09-12 00:01:51+02:00,25148.76,25148.78,25148.76,25148.78,0.00056
2023-09-12 00:01:52+02:00,25147.86,25148.74,25146.75,25146.75,0.2445
2023-09-12 00:01:53+02:00,25146.75,25146.75,25146.75,25146.75,0.0
2023-09-12 00:01:54+02:00,25146.75,25146.75,25146.75,25146.75,0.0
2023-09-12 00:01:55+02:00,25146.75,25146.75,25146.75,25146.75,0.0
2023-09-12 00:01:56+02:00,25148.71,25148.71,25148.71,25148.71,0.03274
2023-09-12 00:01:57+02:00,25148.71,25148.71,25148.71,25148.71,0.0
2023-09-12 00:01:58+02:00,25148.71,25148.71,25148.71,25148.71,0.0
2023-09-12 00:01:59+02:00,25148.69,25148.69,25148.69,25148.69,0.00377
2023-09-12 00:02:00+02:00,25148.47,25148.47,25148.31,25148.32,0.02456
2023-09-12 00:02:01+02:00,25148.32,25148.32,25148.32,25148.32,0.0
2023-09-12 00:02:02+02:00,25148.32,25148.33,25148.32,25148.33,0.02882
2023-09-12 00:02:03+02:00,25148.33,25148.33,25148.33,25148.33,0.0
2023-09-12 00:02:04+02:00,25148.35,25148.69,25148.35,25148.69,0.06141
2023-09-12 00:02:05+02:00,25149.74,25149.74,25149.74,25149.74,0.01122
2023-09-12 00:02:06+02:00,25146.29,25148.42,25140.56,25148.42,0.33168
2023-09-12 00:02:07+02:00,25148.42,25148.42,25148.42,25148.42,0.0
2023-09-12 00:02:08+02:00,25143.87,25143.87,25143.86,25143.86,0.05711
2023-09-12 00:02:09+02:00,25145.82,25145.82,25145.82,25145.82,0.00276
2023-09-12 00:02:10+02:00,25143.86,25145.86,25141.86,25145.86,0.01225
2023-09-12 00:02:11+02:00,25141.87,25141.87,25141.87,25141.87,0.00174
2023-09-12 00:02:12+02:00,25143.86,25143.86,25142.3,25142.3,0.00211
2023-09-12 00:02:13+02:00,25142.3,25142.3,25142.3,25142.3,0.0
2023-09-12 00:02:14+02:00,25143.86,25145.64,25142.3,25142.3,0.05728
2023-09-12 00:02:15+02:00,25145.64,25145.64,25145.64,25145.64,0.004
2023-09-12 00:02:16+02:00,25145.64,25145.64,25145.64,25145.64,0.0
2023-09-12 00:02:17+02:00,25145.64,25145.64,25145.64,25145.64,0.0
2023-09-12 00:02:18+02:00,25145.64,25145.64,25145.64,25145.64,0.0
2023-09-12 00:02:19+02:00,25142.3,25142.3,25142.3,25142.3,0.00643
2023-09-12 00:02:20+02:00,25145.61,25145.62,25145.61,25145.62,0.03655
2023-09-12 00:02:21+02:00,25145.62,25145.62,25145.62,25145.62,0.0
2023-09-12 00:02:22+02:00,25145.61,25145.61,25145.61,25145.61,0.002
2023-09-12 00:02:23+02:00,25142.3,25142.3,25141.89,25141.89,0.004
2023-09-12 00:02:24+02:00,25141.89,25141.89,25141.89,25141.89,0.0
2023-09-12 00:02:25+02:00,25141.89,25141.89,25141.89,25141.89,0.0
2023-09-12 00:02:26+02:00,25141.89,25141.89,25141.89,25141.89,0.0
2023-09-12 00:02:27+02:00,25141.89,25141.89,25141.89,25141.89,0.0
2023-09-12 00:02:28+02:00,25141.89,25143.69,25140.0,25143.69,0.1153
2023-09-12 00:02:29+02:00,25143.64,25143.64,25143.64,25143.64,0.01
2023-09-12 00:02:30+02:00,25143.64,25143.65,25143.64,25143.65,0.03328
2023-09-12 00:02:31+02:00,25143.65,25143.65,25143.65,25143.65,0.0
2023-09-12 00:02:32+02:00,25143.65,25143.65,25143.65,25143.65,0.0
2023-09-12 00:02:33+02:00,25143.65,25143.65,25143.65,25143.65,0.0
2023-09-12 00:02:34+02:00,25143.65,25143.65,25143.65,25143.65,0.0
2023-09-12 00:02:35+02:00,25143.68,25143.69,25143.65,25143.67,0.03004
2023-09-12 00:02:36+02:00,25143.67,25143.67,25143.67,25143.67,0.0
2023-09-12 00:02:37+02:00,25143.67,25143.67,25143.67,25143.67,0.0
2023-09-12 00:02:38+02:00,25143.65,25143.65,25143.65,25143.65,0.01978
2023-09-12 00:02:39+02:00,25143.65,25143.65,25143.65,25143.65,0.0
2023-09-12 00:02:40+02:00,25140.45,25140.45,25139.88,25139.88,0.00191
2023-09-12 00:02:41+02:00,25139.88,25139.88,25139.88,25139.88,0.0
2023-09-12 00:02:42+02:00,25143.65,25145.13,25141.1,25141.1,0.01227
2023-09-12 00:02:43+02:00,25141.86,25141.86,25140.75,25140.75,0.003
2023-09-12 00:02:44+02:00,25140.76,25140.76,25139.86,25139.86,0.06169
2023-09-12 00:02:45+02:00,25140.75,25141.82,25140.75,25141.82,0.0018
2023-09-12 00:02:46+02:00,25141.82,25141.82,25141.82,25141.82,0.0
2023-09-12 00:02:47+02:00,25141.8,25141.8,25141.8,25141.8,0.02422
2023-09-12 00:02:48+02:00,25141.8,25141.8,25141.8,25141.8,0.0004
2023-09-12 00:02:49+02:00,25141.8,25143.75,25141.8,25143.75,0.00584
2023-09-12 00:02:50+02:00,25143.75,25143.75,25143.75,25143.75,0.0
2023-09-12 00:02:51+02:00,25143.75,25143.82,25143.75,25143.82,0.00427
2023-09-12 00:02:52+02:00,25143.82,25143.82,25143.82,25143.82,0.0
2023-09-12 00:02:53+02:00,25143.82,25143.82,25143.82,25143.82,0.0
2023-09-12 00:02:54+02:00,25140.41,25140.41,25140.41,25140.41,0.02229
2023-09-12 00:02:55+02:00,25140.41,25140.41,25140.41,25140.41,0.0
2023-09-12 00:02:56+02:00,25141.82,25142.94,25141.82,25142.94,0.04144
2023-09-12 00:02:57+02:00,25142.94,25142.94,25142.94,25142.94,0.0
2023-09-12 00:02:58+02:00,25142.94,25142.94,25142.94,25142.94,0.0
2023-09-12 00:02:59+02:00,25142.94,25142.94,25142.94,25142.94,0.0
2023-09-12 00:03:00+02:00,25142.94,25142.94,25142.94,25142.94,0.0
2023-09-12 00:03:01+02:00,25142.94,25142.94,25142.94,25142.94,0.0
2023-09-12 00:03:02+02:00,25142.94,25142.94,25142.94,25142.94,0.0
2023-09-12 00:03:03+02:00,25140.41,25142.84,25140.41,25142.84,0.0102
2023-09-12 00:03:04+02:00,25142.84,25142.94,25142.84,25142.94,0.0064
2023-09-12 00:03:05+02:00,25142.94,25142.94,25142.94,25142.94,0.0
2023-09-12 00:03:06+02:00,25142.94,25142.94,25142.94,25142.94,0.0
2023-09-12 00:03:07+02:00,25142.94,25142.94,25142.94,25142.94,0.0
2023-09-12 00:03:08+02:00,25142.94,25142.94,25142.94,25142.94,0.03175
2023-09-12 00:03:09+02:00,25142.94,25142.94,25142.94,25142.94,0.04052
2023-09-12 00:03:10+02:00,25142.94,25142.94,25142.94,25142.94,0.0
2023-09-12 00:03:11+02:00,25140.41,25140.41,25140.41,25140.41,0.00188
2023-09-12 00:03:12+02:00,25140.41,25140.41,25140.41,25140.41,0.00261
2023-09-12 00:03:13+02:00,25140.41,25140.41,25140.41,25140.41,0.0
2023-09-12 00:03:14+02:00,25140.41,25140.41,25140.41,25140.41,0.0
2023-09-12 00:03:15+02:00,25140.41,25140.41,25140.41,25140.41,0.0
2023-09-12 00:03:16+02:00,25140.66,25142.94,25140.66,25142.94,0.03182
2023-09-12 00:03:17+02:00,25142.94,25142.94,25142.94,25142.94,0.0
2023-09-12 00:03:18+02:00,25142.94,25142.94,25142.94,25142.94,0.01
2023-09-12 00:03:19+02:00,25142.94,25142.94,25142.94,25142.94,0.0
2023-09-12 00:03:20+02:00,25142.94,25142.94,25142.94,25142.94,0.0
2023-09-12 00:03:21+02:00,25140.43,25140.43,25140.2,25140.2,0.02028
2023-09-12 00:03:22+02:00,25140.2,25140.2,25140.2,25140.2,0.0
2023-09-12 00:03:23+02:00,25140.2,25140.2,25140.2,25140.2,0.00084
2023-09-12 00:03:24+02:00,25140.2,25140.2,25140.2,25140.2,0.0
2023-09-12 00:03:25+02:00,25140.45,25142.5,25140.45,25142.5,0.01196
2023-09-12 00:03:26+02:00,25142.5,25142.5,25142.5,25142.5,0.0
2023-09-12 00:03:27+02:00,25142.5,25142.5,25142.5,25142.5,0.0
2023-09-12 00:03:28+02:00,25142.5,25142.5,25142.5,25142.5,0.0
2023-09-12 00:03:29+02:00,25142.5,25142.5,25142.5,25142.5,0.0
2023-09-12 00:03:30+02:00,25142.5,25142.5,25142.5,25142.5,0.0
2023-09-12 00:03:31+02:00,25140.2,25140.2,25139.86,25139.86,0.24579
2023-09-12 00:03:32+02:00,25139.86,25139.86,25139.86,25139.86,0.0
2023-09-12 00:03:33+02:00,25139.86,25139.86,25139.86,25139.86,0.0
2023-09-12 00:03:34+02:00,25139.86,25139.86,25139.86,25139.86,0.0
2023-09-12 00:03:35+02:00,25139.1,25139.1,25135.34,25135.34,0.88975
2023-09-12 00:03:36+02:00,25135.86,25138.99,25135.86,25138.99,0.0381
2023-09-12 00:03:37+02:00,25135.35,25135.35,25135.35,25135.35,0.003
2023-09-12 00:03:38+02:00,25137.82,25137.82,25137.82,25137.82,0.004
2023-09-12 00:03:39+02:00,25137.82,25137.82,25137.82,25137.82,0.0
2023-09-12 00:03:40+02:00,25137.82,25137.82,25137.82,25137.82,0.0
2023-09-12 00:03:41+02:00,25137.82,25137.82,25137.82,25137.82,0.0089
2023-09-12 00:03:42+02:00,25137.82,25137.82,25137.82,25137.82,0.0
2023-09-12 00:03:43+02:00,25137.82,25137.82,25137.82,25137.82,0.0
2023-09-12 00:03:44+02:00,25137.82,25137.82,25137.82,25137.82,0.0
2023-09-12 00:03:45+02:00,25137.82,25137.82,25137.82,25137.82,0.0
2023-09-12 00:03:46+02:00,25137.82,25137.82,25137.82,25137.82,0.0
2023-09-12 00:03:47+02:00,25137.71,25137.74,25137.71,25137.74,0.03218
2023-09-12 00:03:48+02:00,25137.74,25137.74,25137.74,25137.74,0.0
2023-09-12 00:03:49+02:00,25137.74,25137.74,25137.74,25137.74,0.0
2023-09-12 00:03:50+02:00,25137.74,25137.74,25137.74,25137.74,0.0
2023-09-12 00:03:51+02:00,25137.74,25137.74,25137.74,25137.74,0.0
2023-09-12 00:03:52+02:00,25137.74,25137.74,25137.74,25137.74,0.0
2023-09-12 00:03:53+02:00,25137.74,25137.74,25137.74,25137.74,0.0
2023-09-12 00:03:54+02:00,25137.86,25139.64,25137.86,25139.64,0.20794
2023-09-12 00:03:55+02:00,25139.64,25139.64,25139.64,25139.64,0.0
2023-09-12 00:03:56+02:00,25139.64,25139.64,25139.64,25139.64,0.0
2023-09-12 00:03:57+02:00,25139.32,25139.32,25139.32,25139.32,0.01132
2023-09-12 00:03:58+02:00,25139.32,25139.32,25139.32,25139.32,0.0
2023-09-12 00:03:59+02:00,25139.32,25139.32,25139.32,25139.32,0.0
2023-09-12 00:04:00+02:00,25139.32,25139.32,25139.32,25139.32,0.0
2023-09-12 00:04:01+02:00,25139.05,25143.13,25139.05,25142.75,0.89307
2023-09-12 00:04:02+02:00,25139.63,25139.63,25139.63,25139.63,0.0004
2023-09-12 00:04:03+02:00,25139.63,25139.63,25139.63,25139.63,0.0
2023-09-12 00:04:04+02:00,25139.63,25139.63,25139.63,25139.63,0.0
2023-09-12 00:04:05+02:00,25139.63,25139.63,25139.63,25139.63,0.0
2023-09-12 00:04:06+02:00,25139.63,25139.63,25139.63,25139.63,0.0
2023-09-12 00:04:07+02:00,25139.32,25139.32,25139.32,25139.32,0.001
2023-09-12 00:04:08+02:00,25139.64,25139.64,25139.64,25139.64,0.00084
2023-09-12 00:04:09+02:00,25139.64,25139.64,25139.64,25139.64,0.0
2023-09-12 00:04:10+02:00,25140.05,25140.05,25139.94,25140.05,0.01269
2023-09-12 00:04:11+02:00,25139.85,25139.85,25139.15,25139.15,0.05749
2023-09-12 00:04:12+02:00,25139.15,25141.23,25139.14,25139.14,0.07217
2023-09-12 00:04:13+02:00,25139.14,25139.14,25139.14,25139.14,0.0
2023-09-12 00:04:14+02:00,25139.14,25139.14,25139.14,25139.14,0.0
2023-09-12 00:04:15+02:00,25139.14,25139.14,25139.14,25139.14,0.0
2023-09-12 00:04:16+02:00,25139.14,25139.14,25139.14,25139.14,0.0
2023-09-12 00:04:17+02:00,25139.14,25139.14,25139.14,25139.14,0.0
2023-09-12 00:04:18+02:00,25139.14,25139.14,25139.14,25139.14,0.00084
2023-09-12 00:04:19+02:00,25139.14,25139.14,25139.14,25139.14,0.0
2023-09-12 00:04:20+02:00,25139.14,25139.14,25139.14,25139.14,0.0
2023-09-12 00:04:21+02:00,25139.14,25139.14,25139.14,25139.14,0.0
2023-09-12 00:04:22+02:00,25139.14,25139.14,25139.14,25139.14,0.00084
2023-09-12 00:04:23+02:00,25139.14,25139.14,25139.14,25139.14,0.0
2023-09-12 00:04:24+02:00,25139.14,25139.14,25139.14,25139.14,0.0
2023-09-12 00:04:25+02:00,25139.14,25139.14,25139.14,25139.14,0.0
2023-09-12 00:04:26+02:00,25141.24,25144.59,25141.24,25142.8,0.41813
2023-09-12 00:04:27+02:00,25142.81,25142.81,25142.8,25142.8,0.05589
2023-09-12 00:04:28+02:00,25142.8,25143.85,25142.8,25143.85,0.0017
2023-09-12 00:04:29+02:00,25143.83,25143.83,25143.83,25143.83,0.00095
2023-09-12 00:04:30+02:00,25143.83,25143.83,25143.83,25143.83,0.0
2023-09-12 00:04:31+02:00,25143.83,25143.83,25143.83,25143.83,0.0
2023-09-12 00:04:32+02:00,25143.83,25143.83,25143.83,25143.83,0.0
2023-09-12 00:04:33+02:00,25143.83,25143.83,25143.83,25143.83,0.0
2023-09-12 00:04:34+02:00,25143.83,25143.83,25143.83,25143.83,0.0
2023-09-12 00:04:35+02:00,25143.83,25143.83,25143.83,25143.83,0.0
2023-09-12 00:04:36+02:00,25143.83,25143.83,25143.83,25143.83,0.0
2023-09-12 00:04:37+02:00,25143.83,25143.83,25143.83,25143.83,0.0
2023-09-12 00:04:38+02:00,25143.83,25143.83,25143.83,25143.83,0.0
2023-09-12 00:04:39+02:00,25143.09,25143.65,25143.09,25143.65,0.03638
2023-09-12 00:04:40+02:00,25143.65,25143.65,25143.65,25143.65,0.0424
2023-09-12 00:04:41+02:00,25143.65,25143.65,25143.65,25143.65,0.0
2023-09-12 00:04:42+02:00,25141.76,25141.76,25141.76,25141.76,0.003
2023-09-12 00:04:43+02:00,25141.76,25141.76,25141.76,25141.76,0.0
2023-09-12 00:04:44+02:00,25141.76,25141.76,25141.76,25141.76,0.0
2023-09-12 00:04:45+02:00,25141.76,25141.76,25141.76,25141.76,0.0
2023-09-12 00:04:46+02:00,25141.76,25141.76,25141.76,25141.76,0.0
2023-09-12 00:04:47+02:00,25141.76,25141.76,25141.76,25141.76,0.00084
2023-09-12 00:04:48+02:00,25141.76,25141.76,25141.76,25141.76,0.0
2023-09-12 00:04:49+02:00,25141.76,25141.76,25141.76,25141.76,0.0
2023-09-12 00:04:50+02:00,25141.76,25141.76,25141.76,25141.76,0.0
2023-09-12 00:04:51+02:00,25143.09,25143.39,25143.09,25143.39,0.01194
2023-09-12 00:04:52+02:00,25143.39,25143.39,25143.39,25143.39,0.0
2023-09-12 00:04:53+02:00,25143.39,25143.39,25143.39,25143.39,0.0
2023-09-12 00:04:54+02:00,25143.39,25143.39,25143.39,25143.39,0.0
2023-09-12 00:04:55+02:00,25143.39,25143.39,25143.39,25143.39,0.0
2023-09-12 00:04:56+02:00,25143.39,25143.39,25143.39,25143.39,0.0
2023-09-12 00:04:57+02:00,25141.76,25141.76,25141.76,25141.76,0.1196
2023-09-12 00:04:58+02:00,25141.76,25141.76,25141.76,25141.76,0.0
2023-09-12 00:04:59+02:00,25141.76,25141.76,25141.76,25141.76,0.0
2023-09-12 00:05:00+02:00,25143.08,25143.08,25140.41,25140.41,0.00457
2023-09-12 00:05:01+02:00,25140.41,25142.97,25140.41,25142.97,0.04031
2023-09-12 00:05:02+02:00,25142.97,25142.97,25142.97,25142.97,0.0
2023-09-12 00:05:03+02:00,25142.97,25142.97,25142.97,25142.97,0.0
2023-09-12 00:05:04+02:00,25142.97,25142.97,25142.97,25142.97,0.0
2023-09-12 00:05:05+02:00,25142.97,25142.97,25142.97,25142.97,0.0
2023-09-12 00:05:06+02:00,25142.97,25142.97,25142.97,25142.97,0.0
2023-09-12 00:05:07+02:00,25142.97,25142.97,25142.97,25142.97,0.0
2023-09-12 00:05:08+02:00,25142.97,25142.97,25142.97,25142.97,0.0
2023-09-12 00:05:09+02:00,25140.65,25140.65,25140.65,25140.65,0.00393
2023-09-12 00:05:10+02:00,25140.65,25140.65,25140.65,25140.65,0.00693
2023-09-12 00:05:11+02:00,25140.65,25140.65,25140.65,25140.65,0.0
2023-09-12 00:05:12+02:00,25140.65,25140.65,25140.65,25140.65,0.0
2023-09-12 00:05:13+02:00,25140.81,25140.81,25140.77,25140.77,0.0032
2023-09-12 00:05:14+02:00,25140.77,25140.77,25140.77,25140.77,0.0
2023-09-12 00:05:15+02:00,25142.97,25145.71,25142.97,25145.71,0.36605
2023-09-12 00:05:16+02:00,25145.71,25149.6,25145.71,25145.87,0.29229
2023-09-12 00:05:17+02:00,25147.86,25147.86,25147.86,25147.86,0.00143
2023-09-12 00:05:18+02:00,25146.2,25146.2,25146.2,25146.2,0.00403
2023-09-12 00:05:19+02:00,25146.2,25146.2,25146.2,25146.2,0.0
2023-09-12 00:05:20+02:00,25146.2,25146.2,25146.2,25146.2,0.0
2023-09-12 00:05:21+02:00,25149.84,25149.91,25149.84,25149.91,0.03
2023-09-12 00:05:22+02:00,25149.91,25149.91,25149.91,25149.91,0.0
2023-09-12 00:05:23+02:00,25150.04,25151.08,25150.04,25151.08,0.001
2023-09-12 00:05:24+02:00,25149.84,25150.24,25149.84,25150.24,0.0008
2023-09-12 00:05:25+02:00,25151.08,25152.09,25149.06,25152.09,0.01979
2023-09-12 00:05:26+02:00,25151.45,25152.32,25151.45,25152.32,0.1052
2023-09-12 00:05:27+02:00,25152.32,25152.32,25152.32,25152.32,0.00239
2023-09-12 00:05:28+02:00,25153.48,25153.86,25153.48,25153.86,0.001
2023-09-12 00:05:29+02:00,25153.86,25153.86,25153.86,25153.86,0.0
2023-09-12 00:05:30+02:00,25153.39,25153.39,25153.39,25153.39,0.001
2023-09-12 00:05:31+02:00,25153.39,25154.84,25153.39,25154.84,0.00515
2023-09-12 00:05:32+02:00,25155.6,25155.6,25155.6,25155.6,0.001
2023-09-12 00:05:33+02:00,25155.6,25155.6,25155.6,25155.6,0.0
2023-09-12 00:05:34+02:00,25155.6,25155.6,25155.6,25155.6,0.0
2023-09-12 00:05:35+02:00,25155.6,25155.6,25155.6,25155.6,0.0
2023-09-12 00:05:36+02:00,25155.6,25155.6,25155.6,25155.6,0.0
2023-09-12 00:05:37+02:00,25156.0,25158.19,25153.26,25153.26,0.34338
2023-09-12 00:05:38+02:00,25153.36,25153.36,25153.36,25153.36,0.01072
2023-09-12 00:05:39+02:00,25153.36,25153.36,25153.36,25153.36,0.0
2023-09-12 00:05:40+02:00,25153.5,25153.5,25153.37,25153.37,0.00249
2023-09-12 00:05:41+02:00,25153.37,25153.37,25153.37,25153.37,0.0
2023-09-12 00:05:42+02:00,25153.44,25155.63,25153.38,25155.63,0.00281
2023-09-12 00:05:43+02:00,25155.63,25155.63,25155.63,25155.63,0.0
2023-09-12 00:05:44+02:00,25155.63,25155.63,25155.63,25155.63,0.0
2023-09-12 00:05:45+02:00,25155.47,25155.47,25155.47,25155.47,0.00028
2023-09-12 00:05:46+02:00,25155.47,25155.47,25155.47,25155.47,0.0
2023-09-12 00:05:47+02:00,25153.88,25153.88,25153.86,25153.86,0.11096
2023-09-12 00:05:48+02:00,25153.52,25155.3,25152.44,25152.5,0.0773
2023-09-12 00:05:49+02:00,25152.5,25152.5,25152.5,25152.5,0.0
2023-09-12 00:05:50+02:00,25155.09,25155.43,25155.09,25155.43,0.02517
2023-09-12 00:05:51+02:00,25155.43,25155.43,25155.43,25155.43,0.0
2023-09-12 00:05:52+02:00,25155.43,25155.43,25155.43,25155.43,0.0
2023-09-12 00:05:53+02:00,25155.43,25155.43,25155.43,25155.43,0.00028
2023-09-12 00:05:54+02:00,25155.43,25155.43,25155.43,25155.43,0.0
2023-09-12 00:05:55+02:00,25155.43,25155.43,25155.43,25155.43,0.0
2023-09-12 00:05:56+02:00,25155.43,25155.43,25155.43,25155.43,0.0
2023-09-12 00:05:57+02:00,25155.43,25155.43,25155.43,25155.43,0.0
2023-09-12 00:05:58+02:00,25155.43,25155.43,25155.43,25155.43,0.0092
2023-09-12 00:05:59+02:00,25155.43,25155.43,25155.43,25155.43,0.0
2023-09-12 00:06:00+02:00,25155.05,25155.05,25154.18,25154.18,0.04
2023-09-12 00:06:01+02:00,25154.18,25154.18,25154.18,25154.18,0.0
2023-09-12 00:06:02+02:00,25155.15,25155.15,25154.91,25154.91,0.0064
2023-09-12 00:06:03+02:00,25155.86,25156.3,25155.86,25156.3,0.0119
2023-09-12 00:06:04+02:00,25156.3,25156.31,25156.3,25156.31,0.02013
2023-09-12 00:06:05+02:00,25156.31,25156.31,25156.31,25156.31,0.0
2023-09-12 00:06:06+02:00,25155.05,25155.05,25154.47,25154.47,0.18423
2023-09-12 00:06:07+02:00,25154.47,25154.47,25154.47,25154.47,0.0
2023-09-12 00:06:08+02:00,25154.47,25154.47,25154.47,25154.47,0.0
2023-09-12 00:06:09+02:00,25154.47,25154.47,25154.47,25154.47,0.0
2023-09-12 00:06:10+02:00,25154.47,25154.47,25154.47,25154.47,0.0
2023-09-12 00:06:11+02:00,25154.57,25154.57,25154.57,25154.57,0.00256
2023-09-12 00:06:12+02:00,25154.88,25154.88,25154.88,25154.88,0.0024
2023-09-12 00:06:13+02:00,25156.91,25156.94,25156.91,25156.94,0.03972
2023-09-12 00:06:14+02:00,25156.94,25156.94,25156.94,25156.94,0.0
2023-09-12 00:06:15+02:00,25155.05,25155.05,25148.47,25150.07,0.39006
2023-09-12 00:06:16+02:00,25151.23,25152.08,25151.23,25152.08,0.03538
2023-09-12 00:06:17+02:00,25152.08,25152.08,25152.08,25152.08,0.0
2023-09-12 00:06:18+02:00,25152.08,25152.08,25152.08,25152.08,0.0
2023-09-12 00:06:19+02:00,25152.08,25152.08,25152.08,25152.08,0.0
2023-09-12 00:06:20+02:00,25152.08,25152.08,25152.08,25152.08,0.0
2023-09-12 00:06:21+02:00,25151.84,25151.84,25151.83,25151.83,0.05628
2023-09-12 00:06:22+02:00,25152.13,25152.13,25152.13,25152.13,0.0004
2023-09-12 00:06:23+02:00,25152.13,25152.13,25152.13,25152.13,0.0
2023-09-12 00:06:24+02:00,25152.23,25152.23,25152.03,25152.03,0.0008
2023-09-12 00:06:25+02:00,25152.03,25152.03,25152.03,25152.03,0.0
2023-09-12 00:06:26+02:00,25152.13,25152.13,25152.13,25152.13,0.0004
2023-09-12 00:06:27+02:00,25152.13,25152.13,25152.13,25152.13,0.0
2023-09-12 00:06:28+02:00,25152.13,25152.13,25152.13,25152.13,0.0
2023-09-12 00:06:29+02:00,25152.13,25152.13,25152.13,25152.13,0.0
2023-09-12 00:06:30+02:00,25152.13,25152.13,25152.13,25152.13,0.0
2023-09-12 00:06:31+02:00,25152.13,25152.13,25152.13,25152.13,0.0
2023-09-12 00:06:32+02:00,25152.13,25152.13,25152.13,25152.13,0.0
2023-09-12 00:06:33+02:00,25152.13,25152.13,25152.13,25152.13,0.0
2023-09-12 00:06:34+02:00,25152.13,25152.13,25152.13,25152.13,0.0
2023-09-12 00:06:35+02:00,25152.13,25152.13,25152.13,25152.13,0.0
2023-09-12 00:06:36+02:00,25152.13,25152.13,25152.13,25152.13,0.0
2023-09-12 00:06:37+02:00,25152.13,25152.13,25152.13,25152.13,0.0
2023-09-12 00:06:38+02:00,25152.13,25152.13,25152.13,25152.13,0.0
2023-09-12 00:06:39+02:00,25152.13,25152.13,25152.13,25152.13,0.0
2023-09-12 00:06:40+02:00,25153.21,25153.22,25153.21,25153.22,0.03769
2023-09-12 00:06:41+02:00,25153.22,25153.22,25151.29,25151.29,0.0334
2023-09-12 00:06:42+02:00,25151.89,25151.89,25151.89,25151.89,0.00226
2023-09-12 00:06:43+02:00,25151.89,25151.89,25151.89,25151.89,0.0
2023-09-12 00:06:44+02:00,25151.89,25151.89,25151.89,25151.89,0.0
2023-09-12 00:06:45+02:00,25151.89,25151.89,25151.89,25151.89,0.0
2023-09-12 00:06:46+02:00,25151.89,25151.89,25151.89,25151.89,0.0
2023-09-12 00:06:47+02:00,25151.89,25151.89,25151.89,25151.89,0.0
2023-09-12 00:06:48+02:00,25151.89,25151.89,25151.89,25151.89,0.0
2023-09-12 00:06:49+02:00,25151.89,25151.89,25151.89,25151.89,0.0
2023-09-12 00:06:50+02:00,25153.22,25155.6,25153.22,25154.95,0.31954
2023-09-12 00:06:51+02:00,25154.95,25154.95,25154.95,25154.95,0.0
2023-09-12 00:06:52+02:00,25154.95,25154.95,25154.95,25154.95,0.0
2023-09-12 00:06:53+02:00,25154.95,25154.95,25154.95,25154.95,0.0
2023-09-12 00:06:54+02:00,25154.95,25154.95,25154.95,25154.95,0.0
2023-09-12 00:06:55+02:00,25154.95,25154.95,25154.95,25154.95,0.0
2023-09-12 00:06:56+02:00,25154.95,25154.95,25154.95,25154.95,0.0
2023-09-12 00:06:57+02:00,25154.95,25154.95,25154.95,25154.95,0.0
2023-09-12 00:06:58+02:00,25152.15,25152.15,25152.11,25152.11,0.00753
2023-09-12 00:06:59+02:00,25152.11,25152.11,25152.11,25152.11,0.0
2023-09-12 00:07:00+02:00,25152.11,25152.11,25152.11,25152.11,0.0
2023-09-12 00:07:01+02:00,25152.11,25152.11,25152.11,25152.11,0.0
2023-09-12 00:07:02+02:00,25152.11,25152.11,25152.11,25152.11,0.0
2023-09-12 00:07:03+02:00,25155.13,25155.58,25155.13,25155.58,0.00393
2023-09-12 00:07:04+02:00,25155.57,25155.57,25155.56,25155.56,0.03367
2023-09-12 00:07:05+02:00,25153.23,25155.59,25152.17,25155.59,0.00869
2023-09-12 00:07:06+02:00,25155.59,25155.59,25155.59,25155.59,0.0
2023-09-12 00:07:07+02:00,25153.24,25153.24,25152.11,25152.11,0.06003
2023-09-12 00:07:08+02:00,25152.11,25152.11,25152.11,25152.11,0.0
2023-09-12 00:07:09+02:00,25152.11,25152.11,25152.11,25152.11,0.0
2023-09-12 00:07:10+02:00,25152.11,25152.11,25152.11,25152.11,0.0
2023-09-12 00:07:11+02:00,25152.11,25152.11,25152.03,25152.03,0.00237
2023-09-12 00:07:12+02:00,25152.03,25152.03,25152.03,25152.03,0.0
2023-09-12 00:07:13+02:00,25152.03,25152.03,25152.03,25152.03,0.00223
2023-09-12 00:07:14+02:00,25154.75,25154.76,25154.75,25154.76,0.01321
2023-09-12 00:07:15+02:00,25154.76,25154.76,25154.76,25154.76,0.0
2023-09-12 00:07:16+02:00,25154.76,25154.76,25154.76,25154.76,0.0
2023-09-12 00:07:17+02:00,25154.76,25154.76,25154.76,25154.76,0.0
2023-09-12 00:07:18+02:00,25154.76,25154.76,25154.76,25154.76,0.0
2023-09-12 00:07:19+02:00,25154.76,25154.76,25154.76,25154.76,0.0
2023-09-12 00:07:20+02:00,25154.76,25154.76,25154.76,25154.76,0.0
2023-09-12 00:07:21+02:00,25154.76,25154.76,25154.76,25154.76,0.0
2023-09-12 00:07:22+02:00,25154.76,25154.76,25154.76,25154.76,0.0
2023-09-12 00:07:23+02:00,25154.76,25154.76,25154.76,25154.76,0.0
2023-09-12 00:07:24+02:00,25154.76,25154.76,25154.76,25154.76,0.0
2023-09-12 00:07:25+02:00,25154.76,25154.76,25154.76,25154.76,0.0
2023-09-12 00:07:26+02:00,25154.76,25154.76,25154.76,25154.76,0.0
2023-09-12 00:07:27+02:00,25154.75,25154.75,25154.75,25154.75,0.03464
2023-09-12 00:07:28+02:00,25154.87,25157.57,25154.87,25157.23,0.40109
2023-09-12 00:07:29+02:00,25157.69,25158.75,25156.97,25156.97,0.1084
2023-09-12 00:07:30+02:00,25157.39,25158.99,25157.39,25158.99,0.0412
2023-09-12 00:07:31+02:00,25158.99,25160.65,25158.99,25160.65,0.50735
2023-09-12 00:07:32+02:00,25160.66,25160.66,25158.69,25159.09,0.25521
2023-09-12 00:07:33+02:00,25159.09,25159.09,25159.09,25159.09,0.0
2023-09-12 00:07:34+02:00,25159.09,25159.09,25159.09,25159.09,0.0
2023-09-12 00:07:35+02:00,25161.23,25163.0,25161.23,25163.0,0.19235
2023-09-12 00:07:36+02:00,25163.0,25163.82,25163.0,25163.82,0.24014
2023-09-12 00:07:37+02:00,25164.73,25165.54,25161.26,25165.18,0.36884
2023-09-12 00:07:38+02:00,25165.98,25165.98,25165.98,25165.98,0.004
2023-09-12 00:07:39+02:00,25163.26,25163.26,25163.24,25163.24,0.0016
2023-09-12 00:07:40+02:00,25165.97,25165.97,25163.24,25163.24,0.00342
2023-09-12 00:07:41+02:00,25163.24,25163.24,25163.24,25163.24,0.0
2023-09-12 00:07:42+02:00,25165.98,25166.61,25163.65,25163.65,0.05629
2023-09-12 00:07:43+02:00,25163.91,25166.61,25163.91,25166.61,0.0069
2023-09-12 00:07:44+02:00,25166.61,25166.61,25166.61,25166.61,0.0
2023-09-12 00:07:45+02:00,25166.61,25166.78,25166.61,25166.78,0.30368
2023-09-12 00:07:46+02:00,25167.23,25168.8,25167.23,25168.8,0.01009
2023-09-12 00:07:47+02:00,25168.8,25168.8,25168.8,25168.8,0.0
2023-09-12 00:07:48+02:00,25168.8,25168.8,25168.8,25168.8,0.001
2023-09-12 00:07:49+02:00,25168.8,25168.8,25168.8,25168.8,0.0
2023-09-12 00:07:50+02:00,25168.8,25168.8,25168.8,25168.8,0.0
2023-09-12 00:07:51+02:00,25168.8,25168.8,25168.8,25168.8,0.0
2023-09-12 00:07:52+02:00,25168.8,25168.8,25168.8,25168.8,0.0
2023-09-12 00:07:53+02:00,25168.8,25168.8,25168.8,25168.8,0.0
2023-09-12 00:07:54+02:00,25168.8,25168.8,25168.8,25168.8,0.0
2023-09-12 00:07:55+02:00,25168.8,25168.8,25168.8,25168.8,0.0
2023-09-12 00:07:56+02:00,25168.8,25168.8,25168.8,25168.8,0.0
2023-09-12 00:07:57+02:00,25165.87,25165.88,25164.86,25165.07,0.45584
2023-09-12 00:07:58+02:00,25165.07,25165.07,25164.75,25164.75,0.10036
2023-09-12 00:07:59+02:00,25164.86,25164.86,25164.74,25164.74,0.05964
2023-09-12 00:08:00+02:00,25164.74,25165.05,25164.74,25164.74,0.08139
2023-09-12 00:08:01+02:00,25164.84,25164.84,25164.74,25164.74,0.04
2023-09-12 00:08:02+02:00,25166.97,25166.97,25166.97,25166.97,0.01011
2023-09-12 00:08:03+02:00,25165.06,25165.06,25164.76,25164.76,0.05693
2023-09-12 00:08:04+02:00,25164.76,25164.76,25164.76,25164.76,0.0
2023-09-12 00:08:05+02:00,25164.76,25164.76,25164.76,25164.76,0.0
2023-09-12 00:08:06+02:00,25164.76,25164.76,25164.76,25164.76,0.0
2023-09-12 00:08:07+02:00,25164.76,25164.76,25164.76,25164.76,0.0
2023-09-12 00:08:08+02:00,25164.76,25164.76,25164.76,25164.76,0.0
2023-09-12 00:08:09+02:00,25164.76,25164.76,25164.76,25164.76,0.0
2023-09-12 00:08:10+02:00,25164.5,25164.5,25164.2,25164.2,0.00311
2023-09-12 00:08:11+02:00,25164.2,25164.2,25164.2,25164.2,0.0
2023-09-12 00:08:12+02:00,25164.5,25164.5,25164.2,25164.2,0.00292
2023-09-12 00:08:13+02:00,25164.2,25164.2,25164.2,25164.2,0.0
2023-09-12 00:08:14+02:00,25164.2,25164.2,25164.2,25164.2,0.0
2023-09-12 00:08:15+02:00,25166.36,25166.38,25166.36,25166.38,0.03634
2023-09-12 00:08:16+02:00,25166.37,25166.38,25166.37,25166.38,0.0083
2023-09-12 00:08:17+02:00,25166.38,25166.38,25166.38,25166.38,0.0
2023-09-12 00:08:18+02:00,25166.38,25166.38,25166.38,25166.38,0.0
2023-09-12 00:08:19+02:00,25166.38,25166.38,25166.38,25166.38,0.0
2023-09-12 00:08:20+02:00,25166.38,25166.38,25166.38,25166.38,0.0
2023-09-12 00:08:21+02:00,25166.38,25166.38,25166.38,25166.38,0.0
2023-09-12 00:08:22+02:00,25166.38,25166.38,25166.38,25166.38,0.0
2023-09-12 00:08:23+02:00,25166.38,25166.38,25166.38,25166.38,0.0
2023-09-12 00:08:24+02:00,25166.38,25166.38,25166.38,25166.38,0.0
2023-09-12 00:08:25+02:00,25166.38,25166.38,25166.38,25166.38,0.0
2023-09-12 00:08:26+02:00,25166.38,25166.38,25166.38,25166.38,0.0
2023-09-12 00:08:27+02:00,25166.38,25169.85,25166.38,25169.83,0.30715
2023-09-12 00:08:28+02:00,25169.81,25169.81,25165.45,25165.45,0.006
2023-09-12 00:08:29+02:00,25165.69,25165.69,25163.57,25163.57,0.14769
2023-09-12 00:08:30+02:00,25163.57,25163.57,25163.57,25163.57,0.0
2023-09-12 00:08:31+02:00,25167.07,25167.11,25164.73,25164.73,0.032
2023-09-12 00:08:32+02:00,25164.73,25164.73,25164.73,25164.73,0.0
2023-09-12 00:08:33+02:00,25165.03,25165.03,25160.15,25160.31,0.55605
2023-09-12 00:08:34+02:00,25162.15,25165.07,25162.15,25165.07,0.03274
2023-09-12 00:08:35+02:00,25162.45,25162.45,25161.16,25161.16,0.0044
2023-09-12 00:08:36+02:00,25161.16,25161.16,25161.16,25161.16,0.0
2023-09-12 00:08:37+02:00,25163.23,25163.23,25163.23,25163.23,0.00099
2023-09-12 00:08:38+02:00,25163.23,25163.23,25163.23,25163.23,0.0
2023-09-12 00:08:39+02:00,25163.23,25163.23,25163.23,25163.23,0.0
2023-09-12 00:08:40+02:00,25161.16,25163.24,25161.16,25163.24,0.03403
2023-09-12 00:08:41+02:00,25162.02,25162.02,25162.02,25162.02,0.0037
2023-09-12 00:08:42+02:00,25162.57,25162.57,25162.57,25162.57,0.00288
2023-09-12 00:08:43+02:00,25162.57,25162.57,25162.57,25162.57,0.0
2023-09-12 00:08:44+02:00,25162.57,25162.57,25162.57,25162.57,0.0
2023-09-12 00:08:45+02:00,25162.57,25162.57,25162.57,25162.57,0.0
2023-09-12 00:08:46+02:00,25162.57,25162.57,25162.57,25162.57,0.0
2023-09-12 00:08:47+02:00,25162.15,25162.15,25162.15,25162.15,0.00566
2023-09-12 00:08:48+02:00,25162.15,25162.15,25162.15,25162.15,0.0
2023-09-12 00:08:49+02:00,25162.15,25162.15,25162.15,25162.15,0.0
2023-09-12 00:08:50+02:00,25162.15,25162.15,25162.15,25162.15,0.0
2023-09-12 00:08:51+02:00,25163.23,25163.24,25163.23,25163.24,0.01073
2023-09-12 00:08:52+02:00,25163.24,25163.24,25163.24,25163.24,0.0
2023-09-12 00:08:53+02:00,25163.24,25163.24,25163.24,25163.24,0.0
2023-09-12 00:08:54+02:00,25162.0,25162.0,25162.0,25162.0,0.0032
2023-09-12 00:08:55+02:00,25162.0,25162.0,25162.0,25162.0,0.0
2023-09-12 00:08:56+02:00,25163.24,25163.24,25163.24,25163.24,0.0548
2023-09-12 00:08:57+02:00,25163.24,25163.24,25163.24,25163.24,0.0
2023-09-12 00:08:58+02:00,25163.24,25163.24,25163.24,25163.24,0.0
2023-09-12 00:08:59+02:00,25163.24,25163.24,25163.24,25163.24,0.0
2023-09-12 00:09:00+02:00,25163.24,25163.24,25163.24,25163.24,0.00099
2023-09-12 00:09:01+02:00,25163.24,25163.24,25163.24,25163.24,0.0
2023-09-12 00:09:02+02:00,25163.24,25163.24,25163.24,25163.24,0.0
2023-09-12 00:09:03+02:00,25163.24,25163.24,25163.24,25163.24,0.0
2023-09-12 00:09:04+02:00,25163.24,25163.24,25163.24,25163.24,0.0
2023-09-12 00:09:05+02:00,25162.96,25162.96,25162.96,25162.96,0.03461
2023-09-12 00:09:06+02:00,25162.96,25162.96,25162.96,25162.96,0.0
2023-09-12 00:09:07+02:00,25162.96,25162.96,25162.96,25162.96,0.0
2023-09-12 00:09:08+02:00,25162.96,25162.96,25162.96,25162.96,0.0
2023-09-12 00:09:09+02:00,25162.96,25162.96,25162.96,25162.96,0.0
2023-09-12 00:09:10+02:00,25162.78,25162.78,25161.73,25161.73,0.01466
2023-09-12 00:09:11+02:00,25162.8,25162.87,25162.8,25162.87,0.04201
2023-09-12 00:09:12+02:00,25162.87,25162.87,25162.87,25162.87,0.10935
2023-09-12 00:09:13+02:00,25162.87,25162.87,25161.41,25162.0,0.05039
2023-09-12 00:09:14+02:00,25162.0,25162.0,25162.0,25162.0,0.0
2023-09-12 00:09:15+02:00,25162.0,25162.0,25162.0,25162.0,0.0
2023-09-12 00:09:16+02:00,25161.25,25161.25,25161.23,25161.23,0.00359
2023-09-12 00:09:17+02:00,25162.96,25162.96,25162.96,25162.96,0.07865
2023-09-12 00:09:18+02:00,25162.96,25162.96,25162.96,25162.96,0.0
2023-09-12 00:09:19+02:00,25162.96,25162.96,25162.96,25162.96,0.0
2023-09-12 00:09:20+02:00,25163.21,25163.21,25163.21,25163.21,0.00626
2023-09-12 00:09:21+02:00,25163.21,25163.21,25163.21,25163.21,0.0
2023-09-12 00:09:22+02:00,25163.21,25163.21,25163.21,25163.21,0.0
2023-09-12 00:09:23+02:00,25163.21,25163.21,25163.21,25163.21,0.0
2023-09-12 00:09:24+02:00,25163.21,25163.21,25163.21,25163.21,0.0
2023-09-12 00:09:25+02:00,25163.21,25163.21,25163.21,25163.21,0.0
2023-09-12 00:09:26+02:00,25163.21,25163.21,25163.21,25163.21,0.0
2023-09-12 00:09:27+02:00,25163.21,25163.21,25163.21,25163.21,0.0
2023-09-12 00:09:28+02:00,25164.58,25164.59,25164.58,25164.59,0.03215
2023-09-12 00:09:29+02:00,25164.59,25164.59,25164.59,25164.59,0.0
2023-09-12 00:09:30+02:00,25164.59,25164.59,25164.59,25164.59,0.0
2023-09-12 00:09:31+02:00,25164.59,25164.59,25164.59,25164.59,0.0
2023-09-12 00:09:32+02:00,25164.59,25164.59,25164.59,25164.59,0.0
2023-09-12 00:09:33+02:00,25164.59,25164.59,25164.59,25164.59,0.0
2023-09-12 00:09:34+02:00,25164.59,25164.59,25164.59,25164.59,0.0
2023-09-12 00:09:35+02:00,25164.59,25164.59,25164.59,25164.59,0.0
2023-09-12 00:09:36+02:00,25161.24,25161.24,25158.03,25158.03,0.94971
2023-09-12 00:09:37+02:00,25159.62,25159.92,25159.23,25159.23,0.20791
2023-09-12 00:09:38+02:00,25159.23,25159.23,25159.23,25159.23,0.0
2023-09-12 00:09:39+02:00,25161.23,25162.92,25161.23,25162.92,0.03053
2023-09-12 00:09:40+02:00,25159.23,25159.23,25159.21,25159.21,0.003
2023-09-12 00:09:41+02:00,25159.21,25159.21,25159.21,25159.21,0.0
2023-09-12 00:09:42+02:00,25159.21,25159.21,25159.21,25159.21,0.00281
2023-09-12 00:09:43+02:00,25159.21,25159.21,25159.21,25159.21,0.0
2023-09-12 00:09:44+02:00,25159.21,25159.21,25159.21,25159.21,0.0
2023-09-12 00:09:45+02:00,25159.21,25159.21,25159.21,25159.21,0.0
2023-09-12 00:09:46+02:00,25161.23,25161.45,25161.23,25161.45,0.00628
2023-09-12 00:09:47+02:00,25161.45,25162.92,25161.45,25162.92,0.09842
2023-09-12 00:09:48+02:00,25162.69,25163.23,25162.69,25163.23,0.0844
2023-09-12 00:09:49+02:00,25163.42,25163.44,25163.42,25163.44,0.0446
2023-09-12 00:09:50+02:00,25163.44,25163.44,25163.44,25163.44,0.0
2023-09-12 00:09:51+02:00,25163.44,25163.44,25163.44,25163.44,0.0
2023-09-12 00:09:52+02:00,25163.44,25163.44,25163.44,25163.44,0.0
2023-09-12 00:09:53+02:00,25163.44,25163.44,25163.44,25163.44,0.0
2023-09-12 00:09:54+02:00,25163.44,25163.44,25163.44,25163.44,0.0
2023-09-12 00:09:55+02:00,25163.44,25163.44,25163.44,25163.44,0.0
2023-09-12 00:09:56+02:00,25163.44,25163.44,25163.44,25163.44,0.0
2023-09-12 00:09:57+02:00,25163.44,25163.44,25163.44,25163.44,0.0
2023-09-12 00:09:58+02:00,25163.44,25163.44,25163.44,25163.44,0.0
2023-09-12 00:09:59+02:00,25163.44,25163.44,25163.44,25163.44,0.0
2023-09-12 00:10:00+02:00,25161.35,25161.35,25161.35,25161.35,0.00076
2023-09-12 00:10:01+02:00,25161.35,25163.44,25161.35,25163.43,0.08521
2023-09-12 00:10:02+02:00,25163.43,25163.43,25159.97,25159.97,0.02711
2023-09-12 00:10:03+02:00,25159.97,25159.97,25159.97,25159.97,0.0
2023-09-12 00:10:04+02:00,25163.23,25163.23,25163.23,25163.23,0.00168
2023-09-12 00:10:05+02:00,25163.23,25163.23,25163.23,25163.23,0.0
2023-09-12 00:10:06+02:00,25163.23,25163.23,25163.23,25163.23,0.0
2023-09-12 00:10:07+02:00,25163.23,25163.23,25163.23,25163.23,0.0
2023-09-12 00:10:08+02:00,25163.43,25163.43,25161.23,25161.23,0.0063
2023-09-12 00:10:09+02:00,25161.23,25161.23,25161.23,25161.23,0.0
2023-09-12 00:10:10+02:00,25159.23,25159.23,25158.84,25158.84,0.00283
2023-09-12 00:10:11+02:00,25158.84,25158.84,25158.84,25158.84,0.0
2023-09-12 00:10:12+02:00,25158.84,25158.84,25158.84,25158.84,0.00266
2023-09-12 00:10:13+02:00,25158.84,25158.84,25158.84,25158.84,0.0
2023-09-12 00:10:14+02:00,25158.84,25158.84,25158.84,25158.84,0.0
2023-09-12 00:10:15+02:00,25158.84,25158.84,25158.84,25158.84,0.0
2023-09-12 00:10:16+02:00,25158.84,25158.84,25158.84,25158.84,0.0
2023-09-12 00:10:17+02:00,25158.84,25158.84,25158.84,25158.84,0.0
2023-09-12 00:10:18+02:00,25158.84,25158.84,25158.84,25158.84,0.0
2023-09-12 00:10:19+02:00,25161.23,25165.35,25161.23,25165.35,0.35318
2023-09-12 00:10:20+02:00,25165.35,25165.35,25165.35,25165.35,0.0
2023-09-12 00:10:21+02:00,25165.35,25165.35,25165.35,25165.35,0.0
2023-09-12 00:10:22+02:00,25165.35,25165.35,25165.35,25165.35,0.0
2023-09-12 00:10:23+02:00,25165.35,25165.35,25165.35,25165.35,0.0
2023-09-12 00:10:24+02:00,25165.35,25165.35,25165.35,25165.35,0.0
2023-09-12 00:10:25+02:00,25165.35,25165.35,25165.35,25165.35,0.0
2023-09-12 00:10:26+02:00,25165.35,25165.35,25165.35,25165.35,0.0
2023-09-12 00:10:27+02:00,25165.35,25165.35,25165.35,25165.35,0.0
2023-09-12 00:10:28+02:00,25165.35,25165.35,25165.35,25165.35,0.0
2023-09-12 00:10:29+02:00,25164.35,25164.45,25164.35,25164.45,0.03211
2023-09-12 00:10:30+02:00,25164.45,25164.45,25164.45,25164.45,0.0
2023-09-12 00:10:31+02:00,25164.45,25164.45,25164.45,25164.45,0.0
2023-09-12 00:10:32+02:00,25164.45,25164.45,25164.45,25164.45,0.0
2023-09-12 00:10:33+02:00,25164.45,25164.45,25164.45,25164.45,0.0
2023-09-12 00:10:34+02:00,25162.5,25162.5,25162.49,25162.49,0.02301
2023-09-12 00:10:35+02:00,25162.49,25162.49,25162.49,25162.49,0.0
2023-09-12 00:10:36+02:00,25162.49,25162.49,25162.49,25162.49,0.0
2023-09-12 00:10:37+02:00,25162.49,25162.49,25162.49,25162.49,0.0
2023-09-12 00:10:38+02:00,25160.85,25160.85,25160.85,25160.85,0.0151
2023-09-12 00:10:39+02:00,25160.85,25160.85,25160.85,25160.85,0.0
2023-09-12 00:10:40+02:00,25160.85,25164.38,25160.85,25164.38,0.01646
2023-09-12 00:10:41+02:00,25164.38,25164.38,25164.38,25164.38,0.0
2023-09-12 00:10:42+02:00,25164.38,25164.38,25164.38,25164.38,0.0
2023-09-12 00:10:43+02:00,25160.9,25160.9,25160.9,25160.9,0.00262
2023-09-12 00:10:44+02:00,25160.9,25160.9,25160.9,25160.9,0.0
2023-09-12 00:10:45+02:00,25160.9,25160.9,25160.9,25160.9,0.0
2023-09-12 00:10:46+02:00,25160.9,25160.9,25160.9,25160.9,0.0
2023-09-12 00:10:47+02:00,25160.9,25160.9,25160.9,25160.9,0.0
2023-09-12 00:10:48+02:00,25160.9,25160.9,25160.9,25160.9,0.0
2023-09-12 00:10:49+02:00,25160.9,25160.9,25160.9,25160.9,0.0
2023-09-12 00:10:50+02:00,25160.9,25160.9,25160.9,25160.9,0.0
2023-09-12 00:10:51+02:00,25164.33,25164.42,25164.33,25164.42,0.03328
2023-09-12 00:10:52+02:00,25164.42,25164.42,25164.42,25164.42,0.0
2023-09-12 00:10:53+02:00,25164.42,25164.42,25164.42,25164.42,0.0
2023-09-12 00:10:54+02:00,25164.42,25164.42,25164.42,25164.42,0.0
2023-09-12 00:10:55+02:00,25164.42,25164.42,25164.42,25164.42,0.0
2023-09-12 00:10:56+02:00,25164.42,25164.42,25164.42,25164.42,0.0
2023-09-12 00:10:57+02:00,25161.74,25161.74,25161.65,25161.65,0.0116
2023-09-12 00:10:58+02:00,25161.65,25161.65,25161.65,25161.65,0.0
2023-09-12 00:10:59+02:00,25161.65,25161.65,25161.65,25161.65,0.0
2023-09-12 00:11:00+02:00,25161.65,25161.65,25161.65,25161.65,0.0
2023-09-12 00:11:01+02:00,25162.36,25162.36,25162.35,25162.35,0.05707
2023-09-12 00:11:02+02:00,25162.35,25162.35,25162.35,25162.35,0.0
2023-09-12 00:11:03+02:00,25164.26,25164.26,25164.26,25164.26,0.0004
2023-09-12 00:11:04+02:00,25164.26,25164.26,25164.26,25164.26,0.0
2023-09-12 00:11:05+02:00,25164.26,25164.35,25164.26,25164.35,0.06173
2023-09-12 00:11:06+02:00,25164.35,25164.35,25164.35,25164.35,0.0
2023-09-12 00:11:07+02:00,25164.35,25164.35,25164.35,25164.35,0.0
2023-09-12 00:11:08+02:00,25164.35,25164.35,25164.35,25164.35,0.0
2023-09-12 00:11:09+02:00,25164.35,25164.35,25164.35,25164.35,0.0
2023-09-12 00:11:10+02:00,25162.35,25162.35,25161.87,25161.87,0.00277
2023-09-12 00:11:11+02:00,25161.87,25161.87,25161.87,25161.87,0.0
2023-09-12 00:11:12+02:00,25161.89,25161.89,25161.87,25161.87,0.0026
2023-09-12 00:11:13+02:00,25164.33,25164.33,25164.33,25164.33,0.03444
2023-09-12 00:11:14+02:00,25164.33,25164.33,25164.33,25164.33,0.0
2023-09-12 00:11:15+02:00,25164.33,25164.33,25164.33,25164.33,0.0
2023-09-12 00:11:16+02:00,25164.33,25164.33,25164.33,25164.33,0.0
2023-09-12 00:11:17+02:00,25164.33,25164.33,25164.33,25164.33,0.0
2023-09-12 00:11:18+02:00,25164.33,25164.33,25164.33,25164.33,0.0
2023-09-12 00:11:19+02:00,25160.88,25160.88,25160.81,25160.81,0.19689
2023-09-12 00:11:20+02:00,25160.81,25163.47,25160.36,25163.47,0.25513
2023-09-12 00:11:21+02:00,25160.36,25160.99,25160.35,25160.99,0.06127
2023-09-12 00:11:22+02:00,25159.35,25159.35,25159.33,25159.33,0.04318
2023-09-12 00:11:23+02:00,25159.33,25159.33,25159.33,25159.33,0.0
2023-09-12 00:11:24+02:00,25159.33,25159.33,25159.33,25159.33,0.0
2023-09-12 00:11:25+02:00,25159.33,25159.33,25159.33,25159.33,0.0023
2023-09-12 00:11:26+02:00,25159.33,25159.33,25159.33,25159.33,0.0
2023-09-12 00:11:27+02:00,25161.44,25161.46,25161.44,25161.46,0.03188
2023-09-12 00:11:28+02:00,25161.46,25161.46,25161.46,25161.46,0.00084
2023-09-12 00:11:29+02:00,25161.46,25161.46,25161.46,25161.46,0.03414
2023-09-12 00:11:30+02:00,25161.46,25161.46,25161.46,25161.46,0.0
2023-09-12 00:11:31+02:00,25161.45,25161.49,25161.45,25161.49,0.0908
2023-09-12 00:11:32+02:00,25161.49,25161.49,25161.49,25161.49,0.0
2023-09-12 00:11:33+02:00,25158.4,25158.4,25158.4,25158.4,0.003
2023-09-12 00:11:34+02:00,25158.4,25158.4,25158.4,25158.4,0.0
2023-09-12 00:11:35+02:00,25158.4,25158.4,25158.4,25158.4,0.0
2023-09-12 00:11:36+02:00,25158.4,25158.4,25158.4,25158.4,0.0
2023-09-12 00:11:37+02:00,25158.4,25158.4,25158.4,25158.4,0.0
2023-09-12 00:11:38+02:00,25158.4,25158.4,25158.4,25158.4,0.0
2023-09-12 00:11:39+02:00,25158.4,25158.4,25158.4,25158.4,0.0
2023-09-12 00:11:40+02:00,25161.48,25161.49,25161.48,25161.49,0.01443
2023-09-12 00:11:41+02:00,25158.4,25158.4,25158.4,25158.4,0.00274
2023-09-12 00:11:42+02:00,25158.4,25158.4,25158.4,25158.4,0.0
2023-09-12 00:11:43+02:00,25158.4,25164.94,25158.36,25162.07,0.19957
2023-09-12 00:11:44+02:00,25162.48,25164.92,25162.48,25164.92,0.00448
2023-09-12 00:11:45+02:00,25164.92,25164.92,25164.92,25164.92,0.0
2023-09-12 00:11:46+02:00,25162.35,25162.35,25162.06,25162.06,0.18398
2023-09-12 00:11:47+02:00,25162.06,25162.06,25162.06,25162.06,0.0
2023-09-12 00:11:48+02:00,25162.06,25162.06,25162.06,25162.06,0.0
2023-09-12 00:11:49+02:00,25161.18,25161.18,25161.01,25161.01,0.06731
2023-09-12 00:11:50+02:00,25161.01,25161.01,25161.01,25161.01,0.0
2023-09-12 00:11:51+02:00,25161.01,25161.01,25161.01,25161.01,0.0
2023-09-12 00:11:52+02:00,25161.01,25161.01,25161.01,25161.01,0.0
2023-09-12 00:11:53+02:00,25161.01,25161.01,25161.01,25161.01,0.0
2023-09-12 00:11:54+02:00,25161.01,25161.01,25161.01,25161.01,0.0
2023-09-12 00:11:55+02:00,25161.01,25161.01,25161.01,25161.01,0.0
2023-09-12 00:11:56+02:00,25161.01,25161.01,25161.01,25161.01,0.0
2023-09-12 00:11:57+02:00,25161.0,25161.0,25157.93,25157.93,0.13765
2023-09-12 00:11:58+02:00,25162.29,25162.29,25162.29,25162.29,0.03169
2023-09-12 00:11:59+02:00,25162.29,25162.29,25162.29,25162.29,0.0
2023-09-12 00:12:00+02:00,25162.29,25162.29,25162.29,25162.29,0.0
2023-09-12 00:12:01+02:00,25158.45,25158.45,25158.45,25158.45,0.00063
2023-09-12 00:12:02+02:00,25158.45,25158.45,25158.45,25158.45,0.0
2023-09-12 00:12:03+02:00,25161.94,25161.94,25161.94,25161.94,0.0064
2023-09-12 00:12:04+02:00,25161.94,25161.94,25161.94,25161.94,0.0
2023-09-12 00:12:05+02:00,25161.95,25161.95,25161.95,25161.95,0.01098
2023-09-12 00:12:06+02:00,25161.95,25161.95,25161.95,25161.95,0.0
2023-09-12 00:12:07+02:00,25161.95,25161.95,25161.95,25161.95,0.0
2023-09-12 00:12:08+02:00,25161.95,25161.95,25161.95,25161.95,0.0
2023-09-12 00:12:09+02:00,25161.95,25161.95,25161.95,25161.95,0.0
2023-09-12 00:12:10+02:00,25158.45,25158.45,25158.35,25158.35,0.00272
2023-09-12 00:12:11+02:00,25161.9,25161.9,25161.9,25161.9,0.00392
2023-09-12 00:12:12+02:00,25158.35,25158.35,25158.21,25158.21,0.00255
2023-09-12 00:12:13+02:00,25158.21,25158.21,25158.21,25158.21,0.0
2023-09-12 00:12:14+02:00,25158.21,25158.21,25158.21,25158.21,0.0
2023-09-12 00:12:15+02:00,25158.21,25158.21,25158.21,25158.21,0.0
2023-09-12 00:12:16+02:00,25160.32,25160.34,25160.32,25160.34,0.03833
2023-09-12 00:12:17+02:00,25160.34,25160.34,25160.34,25160.34,0.0
2023-09-12 00:12:18+02:00,25160.34,25160.34,25160.34,25160.34,0.0
2023-09-12 00:12:19+02:00,25160.34,25160.34,25160.34,25160.34,0.0
2023-09-12 00:12:20+02:00,25160.34,25160.34,25160.34,25160.34,0.0
2023-09-12 00:12:21+02:00,25160.34,25160.34,25160.34,25160.34,0.0
2023-09-12 00:12:22+02:00,25160.34,25160.34,25160.34,25160.34,0.0
2023-09-12 00:12:23+02:00,25160.34,25160.34,25160.34,25160.34,0.0
2023-09-12 00:12:24+02:00,25160.34,25160.34,25160.34,25160.34,0.0
2023-09-12 00:12:25+02:00,25160.34,25160.34,25160.34,25160.34,0.0
2023-09-12 00:12:26+02:00,25160.34,25160.34,25160.34,25160.34,0.0
2023-09-12 00:12:27+02:00,25160.34,25161.16,25160.34,25161.16,0.01439
2023-09-12 00:12:28+02:00,25161.16,25161.16,25161.16,25161.16,0.0
2023-09-12 00:12:29+02:00,25161.16,25161.16,25161.16,25161.16,0.0
2023-09-12 00:12:30+02:00,25161.16,25161.16,25161.16,25161.16,0.0
2023-09-12 00:12:31+02:00,25161.16,25161.16,25161.16,25161.16,0.0
2023-09-12 00:12:32+02:00,25161.16,25161.16,25161.16,25161.16,0.0
2023-09-12 00:12:33+02:00,25161.16,25161.16,25161.16,25161.16,0.0
2023-09-12 00:12:34+02:00,25161.16,25161.16,25161.16,25161.16,0.0
2023-09-12 00:12:35+02:00,25161.16,25161.16,25161.16,25161.16,0.0
2023-09-12 00:12:36+02:00,25161.16,25161.16,25161.16,25161.16,0.0
2023-09-12 00:12:37+02:00,25161.16,25161.16,25161.16,25161.16,0.0
2023-09-12 00:12:38+02:00,25160.0,25160.0,25160.0,25160.0,0.00052
2023-09-12 00:12:39+02:00,25160.0,25160.0,25160.0,25160.0,0.0
2023-09-12 00:12:40+02:00,25158.35,25158.35,25158.21,25158.21,0.00259
2023-09-12 00:12:41+02:00,25160.0,25160.17,25160.0,25160.17,0.03308
2023-09-12 00:12:42+02:00,25160.17,25160.17,25160.17,25160.17,0.0
2023-09-12 00:12:43+02:00,25158.21,25158.21,25158.21,25158.21,0.00543
2023-09-12 00:12:44+02:00,25160.17,25160.17,25160.17,25160.17,0.00584
2023-09-12 00:12:45+02:00,25160.17,25160.17,25160.17,25160.17,0.0
2023-09-12 00:12:46+02:00,25160.17,25160.17,25160.17,25160.17,0.0
2023-09-12 00:12:47+02:00,25160.17,25160.17,25160.17,25160.17,0.0
2023-09-12 00:12:48+02:00,25160.17,25160.17,25160.17,25160.17,0.0
2023-09-12 00:12:49+02:00,25160.17,25160.17,25160.17,25160.17,0.0
2023-09-12 00:12:50+02:00,25160.17,25160.17,25160.17,25160.17,0.0
2023-09-12 00:12:51+02:00,25158.0,25158.0,25157.41,25157.41,0.004
2023-09-12 00:12:52+02:00,25157.41,25157.41,25157.41,25157.41,0.0
2023-09-12 00:12:53+02:00,25160.34,25160.34,25160.34,25160.34,0.00453
2023-09-12 00:12:54+02:00,25157.41,25157.41,25157.41,25157.41,0.01183
2023-09-12 00:12:55+02:00,25157.41,25157.41,25157.41,25157.41,0.0
2023-09-12 00:12:56+02:00,25157.41,25157.41,25157.41,25157.41,0.0
2023-09-12 00:12:57+02:00,25157.41,25157.41,25157.41,25157.41,0.0
2023-09-12 00:12:58+02:00,25157.41,25157.41,25157.41,25157.41,0.0
2023-09-12 00:12:59+02:00,25156.35,25156.35,25154.0,25154.0,0.94928
2023-09-12 00:13:00+02:00,25154.0,25154.35,25151.31,25152.47,0.02728
2023-09-12 00:13:01+02:00,25152.35,25152.35,25152.35,25152.35,0.00143
2023-09-12 00:13:02+02:00,25150.84,25150.84,25150.84,25150.84,0.0083
2023-09-12 00:13:03+02:00,25150.84,25150.84,25150.84,25150.84,0.03308
2023-09-12 00:13:04+02:00,25150.84,25150.84,25150.84,25150.84,0.001
2023-09-12 00:13:05+02:00,25151.09,25153.98,25151.09,25153.87,0.007
2023-09-12 00:13:06+02:00,25153.87,25153.87,25153.87,25153.87,0.0
2023-09-12 00:13:07+02:00,25153.87,25153.87,25153.87,25153.87,0.0
2023-09-12 00:13:08+02:00,25153.87,25153.87,25153.87,25153.87,0.0
2023-09-12 00:13:09+02:00,25150.84,25150.84,25150.83,25150.83,0.03078
2023-09-12 00:13:10+02:00,25150.83,25150.83,25150.83,25150.83,0.0
2023-09-12 00:13:11+02:00,25150.83,25151.81,25150.11,25151.81,0.04055
2023-09-12 00:13:12+02:00,25150.0,25150.0,25150.0,25150.0,0.06331
2023-09-12 00:13:13+02:00,25148.71,25148.71,25148.71,25148.71,0.0019
2023-09-12 00:13:14+02:00,25149.57,25149.57,25149.57,25149.57,0.0008
2023-09-12 00:13:15+02:00,25149.57,25149.57,25149.57,25149.57,0.0
2023-09-12 00:13:16+02:00,25149.57,25149.57,25149.57,25149.57,0.0
2023-09-12 00:13:17+02:00,25149.57,25149.57,25149.57,25149.57,0.0
2023-09-12 00:13:18+02:00,25149.57,25149.57,25149.57,25149.57,0.0
2023-09-12 00:13:19+02:00,25149.57,25149.57,25149.57,25149.57,0.0
2023-09-12 00:13:20+02:00,25149.57,25149.57,25148.0,25148.0,0.07364
2023-09-12 00:13:21+02:00,25148.0,25148.0,25148.0,25148.0,0.0
2023-09-12 00:13:22+02:00,25147.52,25149.02,25147.52,25149.02,0.05641
2023-09-12 00:13:23+02:00,25149.02,25149.02,25149.02,25149.02,0.0
2023-09-12 00:13:24+02:00,25149.02,25149.02,25149.02,25149.02,0.0
2023-09-12 00:13:25+02:00,25149.02,25149.02,25149.02,25149.02,0.0
2023-09-12 00:13:26+02:00,25149.02,25149.02,25149.02,25149.02,0.0
2023-09-12 00:13:27+02:00,25149.02,25149.02,25149.02,25149.02,0.0
2023-09-12 00:13:28+02:00,25149.02,25149.02,25149.02,25149.02,0.0
2023-09-12 00:13:29+02:00,25149.02,25149.02,25149.02,25149.02,0.0
2023-09-12 00:13:30+02:00,25149.02,25149.02,25149.02,25149.02,0.0
2023-09-12 00:13:31+02:00,25149.02,25149.02,25149.02,25149.02,0.0
2023-09-12 00:13:32+02:00,25149.02,25149.02,25149.02,25149.02,0.0
2023-09-12 00:13:33+02:00,25148.73,25148.83,25148.73,25148.83,0.01326
2023-09-12 00:13:34+02:00,25147.39,25147.39,25147.39,25147.39,0.00099
2023-09-12 00:13:35+02:00,25148.83,25148.85,25147.39,25147.39,0.01725
2023-09-12 00:13:36+02:00,25147.39,25147.39,25147.39,25147.39,0.00323
2023-09-12 00:13:37+02:00,25147.39,25147.39,25147.39,25147.39,0.0
2023-09-12 00:13:38+02:00,25147.39,25148.81,25146.65,25148.81,0.01571
2023-09-12 00:13:39+02:00,25148.81,25148.81,25148.81,25148.81,0.0
2023-09-12 00:13:40+02:00,25148.81,25148.81,25148.81,25148.81,0.0
2023-09-12 00:13:41+02:00,25146.82,25146.82,25146.82,25146.82,0.00093
2023-09-12 00:13:42+02:00,25146.82,25146.82,25146.82,25146.82,0.00068
2023-09-12 00:13:43+02:00,25146.82,25146.82,25146.82,25146.82,0.0
2023-09-12 00:13:44+02:00,25148.83,25148.94,25148.83,25148.94,0.25577
2023-09-12 00:13:45+02:00,25148.94,25148.94,25148.94,25148.94,0.0
2023-09-12 00:13:46+02:00,25150.31,25150.31,25150.31,25150.31,0.00046
2023-09-12 00:13:47+02:00,25150.31,25150.31,25146.89,25146.89,0.00499
2023-09-12 00:13:48+02:00,25147.14,25149.36,25147.14,25149.36,0.01236
2023-09-12 00:13:49+02:00,25149.36,25149.36,25149.36,25149.36,0.0
2023-09-12 00:13:50+02:00,25149.36,25149.36,25149.36,25149.36,0.0
2023-09-12 00:13:51+02:00,25149.36,25149.36,25149.36,25149.36,0.0
2023-09-12 00:13:52+02:00,25146.92,25146.92,25146.92,25146.92,0.00799
2023-09-12 00:13:53+02:00,25146.92,25146.92,25146.92,25146.92,0.0
2023-09-12 00:13:54+02:00,25146.92,25146.92,25146.92,25146.92,0.0
2023-09-12 00:13:55+02:00,25146.92,25146.92,25146.92,25146.92,0.0
2023-09-12 00:13:56+02:00,25147.17,25148.34,25146.92,25146.92,0.03279
2023-09-12 00:13:57+02:00,25146.92,25146.92,25146.92,25146.92,0.0
2023-09-12 00:13:58+02:00,25146.92,25146.92,25146.92,25146.92,0.0
2023-09-12 00:13:59+02:00,25146.92,25148.32,25146.86,25148.32,0.01567
2023-09-12 00:14:00+02:00,25148.32,25151.9,25148.32,25151.9,0.06936
2023-09-12 00:14:01+02:00,25151.9,25151.9,25151.9,25151.9,0.0
2023-09-12 00:14:02+02:00,25151.9,25151.9,25151.9,25151.9,0.0
2023-09-12 00:14:03+02:00,25148.7,25148.7,25148.7,25148.7,0.0091
2023-09-12 00:14:04+02:00,25151.68,25151.68,25151.68,25151.68,0.001
2023-09-12 00:14:05+02:00,25151.68,25151.68,25151.68,25151.68,0.0
2023-09-12 00:14:06+02:00,25151.68,25151.68,25151.68,25151.68,0.0
2023-09-12 00:14:07+02:00,25151.68,25151.68,25151.68,25151.68,0.0
2023-09-12 00:14:08+02:00,25151.68,25151.68,25151.68,25151.68,0.0
2023-09-12 00:14:09+02:00,25151.68,25151.68,25151.68,25151.68,0.0
2023-09-12 00:14:10+02:00,25151.68,25151.68,25151.68,25151.68,0.0
2023-09-12 00:14:11+02:00,25151.68,25151.68,25151.68,25151.68,0.0
2023-09-12 00:14:12+02:00,25151.68,25151.68,25151.68,25151.68,0.0
2023-09-12 00:14:13+02:00,25151.68,25151.68,25151.68,25151.68,0.0
2023-09-12 00:14:14+02:00,25151.68,25151.68,25151.68,25151.68,0.0
2023-09-12 00:14:15+02:00,25151.68,25151.68,25151.68,25151.68,0.0
2023-09-12 00:14:16+02:00,25151.68,25151.68,25151.68,25151.68,0.0
2023-09-12 00:14:17+02:00,25151.68,25151.68,25151.68,25151.68,0.0
2023-09-12 00:14:18+02:00,25148.99,25148.99,25148.95,25148.95,0.05709
2023-09-12 00:14:19+02:00,25148.95,25148.95,25148.95,25148.95,0.0
2023-09-12 00:14:20+02:00,25148.95,25148.95,25148.95,25148.95,0.0
2023-09-12 00:14:21+02:00,25148.95,25148.95,25148.95,25148.95,0.0
2023-09-12 00:14:22+02:00,25148.95,25148.95,25148.95,25148.95,0.0
2023-09-12 00:14:23+02:00,25148.95,25148.95,25148.95,25148.95,0.0
2023-09-12 00:14:24+02:00,25148.95,25148.95,25148.95,25148.95,0.0
2023-09-12 00:14:25+02:00,25148.95,25148.95,25148.95,25148.95,0.0
2023-09-12 00:14:26+02:00,25148.95,25148.95,25148.95,25148.95,0.0
2023-09-12 00:14:27+02:00,25148.95,25148.95,25148.95,25148.95,0.0
2023-09-12 00:14:28+02:00,25148.95,25148.95,25148.95,25148.95,0.0
2023-09-12 00:14:29+02:00,25148.95,25148.95,25148.95,25148.95,0.0
2023-09-12 00:14:30+02:00,25148.95,25148.95,25148.95,25148.95,0.0
2023-09-12 00:14:31+02:00,25151.13,25151.21,25151.13,25151.21,0.01991
2023-09-12 00:14:32+02:00,25151.21,25151.21,25151.21,25151.21,0.0
2023-09-12 00:14:33+02:00,25151.21,25151.21,25151.21,25151.21,0.0
2023-09-12 00:14:34+02:00,25151.21,25151.21,25151.21,25151.21,0.0
2023-09-12 00:14:35+02:00,25151.21,25151.21,25151.21,25151.21,0.0
2023-09-12 00:14:36+02:00,25151.21,25151.21,25151.21,25151.21,0.0
2023-09-12 00:14:37+02:00,25151.21,25151.21,25151.21,25151.21,0.0
2023-09-12 00:14:38+02:00,25151.21,25151.21,25151.21,25151.21,0.0
2023-09-12 00:14:39+02:00,25151.21,25151.21,25151.21,25151.21,0.0
2023-09-12 00:14:40+02:00,25151.21,25151.21,25151.21,25151.21,0.0
2023-09-12 00:14:41+02:00,25151.21,25151.21,25151.21,25151.21,0.0
2023-09-12 00:14:42+02:00,25151.21,25151.21,25151.21,25151.21,0.0
2023-09-12 00:14:43+02:00,25151.07,25151.07,25151.07,25151.07,0.0083
2023-09-12 00:14:44+02:00,25151.07,25151.07,25151.07,25151.07,0.0
2023-09-12 00:14:45+02:00,25151.07,25151.07,25151.07,25151.07,0.0
2023-09-12 00:14:46+02:00,25151.07,25151.07,25151.07,25151.07,0.0
2023-09-12 00:14:47+02:00,25151.07,25151.07,25151.07,25151.07,0.0
2023-09-12 00:14:48+02:00,25151.07,25151.07,25151.07,25151.07,0.00453
2023-09-12 00:14:49+02:00,25151.07,25151.07,25151.07,25151.07,0.0
2023-09-12 00:14:50+02:00,25151.07,25151.07,25151.07,25151.07,0.0
2023-09-12 00:14:51+02:00,25151.07,25151.07,25151.07,25151.07,0.0
2023-09-12 00:14:52+02:00,25151.07,25151.07,25151.07,25151.07,0.0
2023-09-12 00:14:53+02:00,25148.43,25148.43,25148.43,25148.43,0.00401
2023-09-12 00:14:54+02:00,25148.43,25148.43,25148.43,25148.43,0.0
2023-09-12 00:14:55+02:00,25151.06,25151.06,25151.06,25151.06,0.004
2023-09-12 00:14:56+02:00,25151.06,25151.06,25151.06,25151.06,0.0
2023-09-12 00:14:57+02:00,25151.06,25151.06,25151.06,25151.06,0.0
2023-09-12 00:14:58+02:00,25151.06,25151.06,25151.06,25151.06,0.0
2023-09-12 00:14:59+02:00,25151.06,25151.06,25151.06,25151.06,0.0
2023-09-12 00:15:00+02:00,25148.47,25150.99,25148.46,25148.46,0.00857
2023-09-12 00:15:01+02:00,25148.52,25150.94,25148.52,25150.94,0.00783
2023-09-12 00:15:02+02:00,25148.52,25148.52,25148.52,25148.52,0.0004
2023-09-12 00:15:03+02:00,25148.52,25148.52,25148.52,25148.52,0.00391
2023-09-12 00:15:04+02:00,25148.52,25148.52,25148.52,25148.52,0.0
2023-09-12 00:15:05+02:00,25148.52,25148.52,25147.25,25147.25,0.18885
2023-09-12 00:15:06+02:00,25150.34,25150.35,25150.34,25150.35,0.20096
2023-09-12 00:15:07+02:00,25148.35,25148.35,25148.35,25148.35,0.00096
2023-09-12 00:15:08+02:00,25148.35,25148.35,25148.35,25148.35,0.0
2023-09-12 00:15:09+02:00,25148.35,25148.35,25147.04,25147.04,0.0083
2023-09-12 00:15:10+02:00,25147.04,25147.04,25147.04,25147.04,0.0
2023-09-12 00:15:11+02:00,25147.04,25147.04,25147.04,25147.04,0.0
2023-09-12 00:15:12+02:00,25147.04,25147.04,25147.04,25147.04,0.06449
2023-09-12 00:15:13+02:00,25147.04,25147.04,25147.04,25147.04,0.0
2023-09-12 00:15:14+02:00,25147.04,25147.04,25147.04,25147.04,0.0
2023-09-12 00:15:15+02:00,25147.04,25147.04,25147.04,25147.04,0.0
2023-09-12 00:15:16+02:00,25146.54,25146.54,25145.5,25145.5,0.09015
2023-09-12 00:15:17+02:00,25145.5,25145.5,25145.5,25145.5,0.0
2023-09-12 00:15:18+02:00,25145.5,25145.5,25145.5,25145.5,0.0
2023-09-12 00:15:19+02:00,25145.56,25145.56,25145.56,25145.56,0.001
2023-09-12 00:15:20+02:00,25145.56,25145.56,25145.56,25145.56,0.0
2023-09-12 00:15:21+02:00,25145.56,25145.56,25145.56,25145.56,0.0
2023-09-12 00:15:22+02:00,25145.56,25145.56,25145.56,25145.56,0.0
2023-09-12 00:15:23+02:00,25145.56,25145.56,25145.56,25145.56,0.0
2023-09-12 00:15:24+02:00,25145.56,25145.56,25145.56,25145.56,0.0
2023-09-12 00:15:25+02:00,25148.3,25148.35,25148.3,25148.35,0.12248
2023-09-12 00:15:26+02:00,25150.25,25150.35,25150.25,25150.35,0.00343
2023-09-12 00:15:27+02:00,25151.36,25151.36,25151.36,25151.36,0.001
2023-09-12 00:15:28+02:00,25151.36,25151.36,25151.36,25151.36,0.0
2023-09-12 00:15:29+02:00,25151.36,25151.36,25151.36,25151.36,0.0
2023-09-12 00:15:30+02:00,25151.36,25151.36,25151.36,25151.36,0.0
2023-09-12 00:15:31+02:00,25151.36,25151.36,25151.36,25151.36,0.0
2023-09-12 00:15:32+02:00,25151.36,25151.36,25151.36,25151.36,0.0
2023-09-12 00:15:33+02:00,25151.36,25151.36,25151.36,25151.36,0.0
2023-09-12 00:15:34+02:00,25151.36,25151.36,25151.36,25151.36,0.0
2023-09-12 00:15:35+02:00,25151.36,25151.36,25151.36,25151.36,0.0
2023-09-12 00:15:36+02:00,25151.36,25151.36,25151.36,25151.36,0.0
2023-09-12 00:15:37+02:00,25151.36,25151.36,25151.36,25151.36,0.0
2023-09-12 00:15:38+02:00,25151.36,25151.36,25151.36,25151.36,0.0
2023-09-12 00:15:39+02:00,25151.36,25151.36,25151.36,25151.36,0.0
2023-09-12 00:15:40+02:00,25151.36,25151.36,25151.36,25151.36,0.0
2023-09-12 00:15:41+02:00,25151.36,25151.36,25151.36,25151.36,0.0
2023-09-12 00:15:42+02:00,25151.36,25151.36,25151.36,25151.36,0.0
2023-09-12 00:15:43+02:00,25151.36,25151.36,25151.36,25151.36,0.0
2023-09-12 00:15:44+02:00,25151.36,25151.36,25151.36,25151.36,0.0
2023-09-12 00:15:45+02:00,25151.36,25151.36,25151.36,25151.36,0.0
2023-09-12 00:15:46+02:00,25151.36,25151.36,25151.36,25151.36,0.0
2023-09-12 00:15:47+02:00,25151.36,25151.36,25151.36,25151.36,0.0
2023-09-12 00:15:48+02:00,25151.36,25151.36,25151.36,25151.36,0.0
2023-09-12 00:15:49+02:00,25151.36,25151.36,25151.36,25151.36,0.0
2023-09-12 00:15:50+02:00,25151.36,25151.36,25151.36,25151.36,0.0
2023-09-12 00:15:51+02:00,25151.36,25151.36,25151.36,25151.36,0.0
2023-09-12 00:15:52+02:00,25151.36,25151.36,25151.36,25151.36,0.0
2023-09-12 00:15:53+02:00,25151.36,25151.36,25151.36,25151.36,0.0
2023-09-12 00:15:54+02:00,25151.36,25151.36,25151.36,25151.36,0.0
2023-09-12 00:15:55+02:00,25151.36,25151.36,25151.36,25151.36,0.0
2023-09-12 00:15:56+02:00,25151.36,25151.36,25151.36,25151.36,0.0
2023-09-12 00:15:57+02:00,25151.36,25151.36,25151.36,25151.36,0.0
2023-09-12 00:15:58+02:00,25151.36,25151.36,25151.36,25151.36,0.0
2023-09-12 00:15:59+02:00,25151.36,25151.36,25151.36,25151.36,0.0
2023-09-12 00:16:00+02:00,25151.36,25151.36,25151.36,25151.36,0.0
2023-09-12 00:16:01+02:00,25151.2,25152.77,25151.2,25151.21,0.12886
2023-09-12 00:16:02+02:00,25151.21,25151.21,25151.21,25151.21,0.0
2023-09-12 00:16:03+02:00,25152.28,25152.31,25152.28,25152.31,0.004
2023-09-12 00:16:04+02:00,25151.97,25151.98,25151.93,25151.98,0.04058
2023-09-12 00:16:05+02:00,25151.98,25151.98,25151.98,25151.98,0.0
2023-09-12 00:16:06+02:00,25151.9,25151.91,25151.89,25151.91,0.00919
2023-09-12 00:16:07+02:00,25151.24,25151.24,25151.22,25151.22,0.00121
2023-09-12 00:16:08+02:00,25151.22,25151.22,25151.22,25151.22,0.0
2023-09-12 00:16:09+02:00,25150.35,25150.35,25147.99,25148.01,0.09504
2023-09-12 00:16:10+02:00,25148.01,25148.01,25148.01,25148.01,0.0
2023-09-12 00:16:11+02:00,25148.01,25148.01,25148.01,25148.01,0.0
2023-09-12 00:16:12+02:00,25148.01,25148.01,25148.01,25148.01,0.0
2023-09-12 00:16:13+02:00,25148.01,25148.01,25148.01,25148.01,0.0
2023-09-12 00:16:14+02:00,25148.01,25148.01,25148.01,25148.01,0.0
2023-09-12 00:16:15+02:00,25148.01,25148.01,25148.01,25148.01,0.0
2023-09-12 00:16:16+02:00,25148.01,25148.01,25148.01,25148.01,0.0
2023-09-12 00:16:17+02:00,25148.01,25148.01,25148.01,25148.01,0.0
2023-09-12 00:16:18+02:00,25148.01,25148.01,25148.01,25148.01,0.0
2023-09-12 00:16:19+02:00,25151.47,25154.51,25151.47,25154.51,0.153
2023-09-12 00:16:20+02:00,25152.84,25152.84,25152.84,25152.84,0.00095
2023-09-12 00:16:21+02:00,25151.98,25152.54,25151.98,25152.54,0.02868
2023-09-12 00:16:22+02:00,25152.54,25152.54,25152.54,25152.54,0.0
2023-09-12 00:16:23+02:00,25152.68,25154.48,25152.38,25154.48,0.10758
2023-09-12 00:16:24+02:00,25154.48,25154.48,25154.48,25154.48,0.0
2023-09-12 00:16:25+02:00,25151.77,25151.78,25151.77,25151.77,0.04248
2023-09-12 00:16:26+02:00,25151.68,25151.68,25151.68,25151.68,0.04508
2023-09-12 00:16:27+02:00,25151.68,25151.68,25151.68,25151.68,0.08912
2023-09-12 00:16:28+02:00,25151.68,25151.68,25151.68,25151.68,0.0
2023-09-12 00:16:29+02:00,25152.08,25152.78,25151.68,25151.68,0.00417
2023-09-12 00:16:30+02:00,25152.98,25157.2,25152.98,25157.2,0.56575
2023-09-12 00:16:31+02:00,25157.2,25158.03,25156.54,25156.59,0.1913
2023-09-12 00:16:32+02:00,25156.59,25156.59,25156.59,25156.59,0.0
2023-09-12 00:16:33+02:00,25159.05,25163.99,25154.91,25158.77,0.84497
2023-09-12 00:16:34+02:00,25158.77,25158.77,25158.77,25158.77,0.0
2023-09-12 00:16:35+02:00,25159.13,25159.13,25159.13,25159.13,0.1903
2023-09-12 00:16:36+02:00,25159.15,25159.35,25159.14,25159.35,0.0946
2023-09-12 00:16:37+02:00,25159.23,25159.23,25159.23,25159.23,0.0013
2023-09-12 00:16:38+02:00,25159.35,25161.54,25159.35,25161.54,0.031
2023-09-12 00:16:39+02:00,25161.35,25161.54,25161.35,25161.54,0.00499
